Name,sequence,Origin,Immunogenicity
Adalimumab,AKVSYLSTASSLDY,Human,14.0
Afutuzumab,ARNVFDGYWLVY,Humanized,6.642066420664207
Alemtuzumab,AREGHTAAPFDY,Humanized,5.1000000000000005
Alirocumab,AKDSNWGNFDL,Human,3.9
Atezolizumab,ARRHWPGGFDY,Humanized,28.85
Avelumab,ARIKLGTVTTVDY,Human,5.0
Basiliximab,SRDYGYYFDF,Chimeric,1.5
Belimumab,ARSRDLLLFPHHALSP,Human,2.4
Benralizumab,GREGIRYYGLLGDY,Humanized,13.0
Bevacizumab,AKYPHYYGSSHWYFDV,Humanized,0.315
Bezlotoxumab,ARRRNWGNAFDI,Human,0.0
Blinatumomab,ARRETTTVGRYYYAMDY,Mouse,1.4
Brodalumab,ARRQLYFDY,Human,3.0
Burosumab,ARDIVDAFDF,Human,5.0
Canakinumab,ARDLRTGPFDY,Human,0.0
Cemiplimab,VKWGNIYFDY,Human,1.3
Cetuximab,ARALTYYDYEFAY,Chimeric,5.0
Crizanlizumab,ARRGEYGNYEGAMDY,Humanized,0.9433962264150944
Daclizumab,ARGGGVFDY,Humanized,19.0
Daratumumab,AKDKILWFGEPVFDY,Human,0.0
Denosumab,AKDPGTTVIMSWFDP,Human,1.0
Derlotuximab,AKEKRRGYYYAMDY,Chimeric,33.33333333333333
Dinutuximab,VSGMEY,Chimeric,17.0
Dupilumab,AKDRLSITIRPRYYGLDV,Human,4.0
Durvalumab,AREGGWFGELAFDY,Human,3.3
Eculizumab,ARYFFGSSPNWYFDV,Humanized,2.0
Efalizumab,ARGIYFYGTTYFDY,Humanized,6.3
Elotuzumab,ARPDGNYWYFDV,Humanized,18.5
Emapalumab,AKDGSSGWYVPHWFDP,Human,3.5
Emicizumab,ARRKSYGYYLDE,Humanized,3.5
Enfortumab,ARAYYYGMDV,Human,1.0
Erenumab,ARDRLNYYDSSGYYHYKYYGMAV,Human,2.4
Evolocumab,ARGYGMDV,Human,0.3
Fremanezumab,LAYFDYGLAIQNY,Humanized,1.6
Galcanezumab,ARLSDYVSGFGY,Humanized,8.7
Gemtuzumab,VNGNPWLAY,Humanized,0.0
Golimumab,ARDRGIAAGGNYYYYGMDV,Human,4.0
Guselkumab,ARWYYKPFDV,Human,6.0
Ibalizumab,AREKDNYATGAWFAY,Humanized,15.0
Idarucizumab,ASAAYYSYYNYDGFAY,Humanized,4.0
Infliximab,SRNYYGSTYDY,Chimeric,30.5
Inotuzumab,TREGYGNYGAWFAY,Humanized,2.0
Ipilimumab,ARTGWLGPFDY,Human,2.0
Itolizumab,ARRDYDLDYFDS,Humanized,15.75
Ixekizumab,ARYDYFTGTGVY,Humanized,8.5
Lanadelumab,AYRRIGVPRRDEFDI,Human,7.0
Mepolizumab,ARDPPSSLLRLDY,Humanized,13.0
Mogamulizumab,GRHSDGNFAFGY,Humanized,4.2
Moxetumomab,ARHSGYGTHWGVLFAY,Mouse,59.0
Natalizumab,AREGYYGNYGVYAMDY,Humanized,9.0
Necitumumab,ARVSIFGVGTFDY,Human,4.1
Netakimab,AVRRRFDGTSYYTGDYDS,Humanized,0.0
Nivolumab,ATNDDY,Human,7.7
Obiltoxaximab,ARSGLLRYAMDY,Humanized,2.5
Obinutuzumab,ARNVFDGYWLVY,Humanized,6.0
Ocrelizumab,ARVVYYSNSYWYFDV,Humanized,1.0
Ofatumumab,AKDIQYGNYYYGMDV,Human,0.0
Olaratumab,ARQSTYYYGSGNYYGWFDR,Human,3.5
Omalizumab,ARGSHYFGHWHFAV,Humanized,0.0
Palivizumab,ARSMITNWYFDV,Humanized,1.1
Panitumumab,VRDRVTGAFDI,Human,2.8
Pembrolizumab,ARRDYRFDMGFDY,Humanized,1.7
Pertuzumab,ARNLGPSFYFDY,Humanized,2.8
Polatuzumab,TRRVPIRLDY,Humanized,2.6
Racotumomab,AREDYYDNSYYFDY,Mouse,85.0
Ramucirumab,ARVTDAFDI,Human,4.1
Ranibizumab,AKYPYYYGTSHWYFDV,Humanized,3.5
Ravulizumab,ARYFFGSSPNWYFDV,Humanized,0.2
Reslizumab,AREYYGYFDY,Humanized,5.0
Risankizumab,AIPDRSGYAWFIY,Humanized,24.0
Rituximab,ARSTYYGGDWYFNV,Chimeric,11.0
Romosozumab,ARLGYDDIYDDWYFDV,Humanized,18.1
Sarilumab,AKGRDSFDI,Human,3.8
Secukinumab,VRDYYDILTDYYIHYWYFDL,Human,1.0
Siltuximab,ARGLWGYYALDY,Chimeric,0.2
Tildrakizumab,ARGGGGFAY,Humanized,6.5
Tocilizumab,ARSLARTTAMDY,Humanized,2.0
Toripalimab,AREGITTVATTYYWYFDV,Humanized,1.0
Trastuzumab,SRWGGDGFYAMDY,Humanized,8.1
Ustekinumab,ARRRPGQGYFDF,Human,4.0
Vedolizumab,ARGGYDGWDYAIDY,Humanized,9.5
Zolimomab,ARYYDDHYCLDY,Mouse,85.71428571428571
Edrecolomab,ARDGPWFAY,Mouse,80.0
Abagovomab,ARGEGNYAWFAY,Mouse,68.1
Actoxumab,ARWGMVRGVIDVFDI,Human,0.0
Aducanumab,ARDRGIGARRGPYYMDV,Human,5.0
Andecaliximab,ARYYYGMDY,Chimeric,21.153846153846153
Anifrolumab,ARHDIEGFDY,Human,3.3333333333333335
Bavituximab,VKGGYYGHWYFDV,Chimeric,58.0
Begelomab,ARWTVVGPGYFDV,Mouse,28.0
Bimekizumab,ASPPQYYEGSIYRLWFAH,Humanized,12.82051282051282
Bococizumab,ARERPLYASDL,Humanized,25.5
Brazikumab,ARDRGYTSSWYPDAFDI,Human,2.5210084033613445
Clazakizumab,ARDDSSDWDAKFNL,Humanized,1.8181818181818181
Clivatuzumab,ARGFGGSYGFAY,Humanized,10.0
Concizumab,ARLGGYDEGDAMDS,Humanized,17.0
Crenezumab,ASGDY,Humanized,0.0
Etrolizumab,ARTGSSGYFDF,Humanized,5.0
Farletuzumab,ARHGDDPAWFAY,Humanized,8.70833333333335
Fulranumab,ARVYSSGWHVSDYFDY,Human,2.9
Ganitumab,ARWTGRTDAFDI,Human,5.172413793103448
Gantenerumab,ARGKGNTHKPYGYVRYFDV,Human,0.0
Gevokizumab,ARNRYDPPWFVD,Humanized,37.0
Glembatumumab,ARGYNWNYFDY,Human,3.7819148936170213
Lebrikizumab,AGDGYYPYAMDN,Humanized,30.0
Ligelizumab,ARFSHFSGSNYDYFDY,Humanized,6.315789473684211
Motavizumab,ARDMIFNFYFDV,Humanized,1.5
Naptumomab,ARSTMITNYVMDY,Mouse,72.5
Nirsevimab,ATETALVVSETYLPHYFDN,Humanized,28.0
Obexelimab,ARGTYYYGTRVFDY,Chimeric,17.5
Olokizumab,ARESYYGFTSY,Humanized,9.8
Onartuzumab,ATYRSYVTPLDY,Humanized,11.904761904761903
Pamrevlumab,ARGDYYGSGSFFDC,Human,0.0
Roledumab,ARPVRSRWLQLGLEDAFHI,Human,0.0
Rovalpituzumab,ARIGDSSPSDY,Humanized,0.0
Sirukumab,ARQLWGYYALDI,Human,2.9000000000000004
Solanezumab,ASGDY,Humanized,3.5
Suptavumab,VKDAYKFNYYYYGLDV,Human,5.0
Tabalumab,ARGYYDILTGYYYYFDY,Human,4.35
Tafasitamab,ARGTYYYGTRVFDY,Humanized,1.0
Talacotuzumab,ARSHLLRASWFAY,Humanized,17.5
Tezepelumab,ARAPQWELVHEAFDI,Human,2.132701421800948
Ticilimumab,ARDPRGATLYYYYYGMDV,Human,2.0
Tosatoxumab,ARRSGSSSWYALDF,Human,2.0999999999999996
Tralokinumab,ARDSSSSWARWFFDL,Human,0.49019607843137253
Tremelimumab,ARDPRGATLYYYYYGMDV,Human,0.0
Ublituximab,ARYDYNYAMDY,Chimeric,0.0
Vatelizumab,ARANDGVYYAMDY,Humanized,2.55
Zolbetuximab,TRSWRGNSFDY,Chimeric,0.0
Abrilumab,ATGSSSSWFDP,Human,0.4273504273504274
Amatuximab,ARGGYDGRGFDY,Chimeric,29.166666666666668
Berlimatoxumab,ARERGMHYMDV,Human,0.0
Bleselumab,TRPVVRYFGWFDP,Human,2.2222222222222223
Cendakimab,ARTVSSGYIYYAMDY,Humanized,3.0303030303030303
Cinpanemab,TSAH,Humanized,0.0
Coltuximab,ARGSNPYYYAMDY,Chimeric,33.0
Conatumumab,ARDRGGDYYYGMDV,Human,0.0
Dacetuzumab,AREGIYW,Humanized,0.0
Dalotuzumab,ARYGRVFFDY,Humanized,0.0
Dapirolizumab,ARQLTHYYVLAA,Humanized,8.88888888888889
Disitamab,ARNYLFDH,Humanized,58.620689655172406
Domagrozumab,AKQDYAMNY,Humanized,9.433962264150944
Dusigitumab,ARDPYYYYYGMDV,Human,0.0
Eldelumab,AREGDGSGIYYYYGMDV,Human,0.0
Emibetuzumab,ARANWLDY,Humanized,0.0
Enokizumab,ARADYYGSDYVKFDY,Humanized,9.0
Etaracizumab,ARHLHGSFAS,Humanized,0.0
Ficlatuzumab,ARNYVGSIFDY,Humanized,0.0
Fletikumab,AREPLWFGESSPHDYYGMDV,Human,1.7241379310344827
Fontolizumab,ARGFLPWFAD,Humanized,7.777777777777778
Frovocimab,AREGISFQGGTYTYVMDY,Humanized,6.5
Futuximab,TRNGDYYVSSGDAMDY,Chimeric,0.0
Galiximab,VRDRLFSVVGMVYNNWFDV,Chimeric,0.0
Gancotamab,AKMTSNAFAFDY,Human,2.898550724637681
Gatipotuzumab,TRHYYFDY,Humanized,9.45945945945946
Gedivumab,AVPGPVFGIFPPWSYFDN,Human,1.0
Gosuranemab,SISWDGAMDY,Humanized,6.153846153846154
Gremubamab,AKEEFLPGTHYYYGMDV,Humanized,2.5
Icrucumab,ARDHYGSGVHHYFYYGLDV,Human,0.0
Imalumab,AGSQWLYGMDV,Human,7.4074074074074066
Inclacumab,ARGRYSGSGSYYNDWFDP,Human,3.571428571428571
Indusatumab,ARERGYTYGNFDH,Human,0.0
Iscalimab,ARDGGIAAPGPDY,Human,1.7857142857142856
Labetuzumab,ASLYFGFPWFAY,Humanized,0.0
Lifastuzumab,ARHRGFDVGHFDF,Humanized,18.0
Lintuzumab,ARGRPAMDY,Humanized,0.0
Loncastuximab,ARGSNPYYYAMDY,Chimeric,0.0
Lorvotuzumab,ARMRKGYAMDY,Humanized,0.0
Lutikizumab,ARGGVTKGYFDV,Humanized,16.793893129770993
Matuzumab,ASRDYDYDGRYFDY,Humanized,10.0
Mavrilimumab,AIVGSFSPLTLGL,Human,3.1
Modotuximab,VRYYGYDEAMDY,Chimeric,0.0
Namilumab,TRTTLISVYFDY,Human,0.9433962264150944
Ocaratuzumab,ARSTYVGGDWQFDV,Humanized,1.0
Opicinumab,ATEGDNDAFDI,Human,3.571428571428571
Otlertuzumab,ARSVGPFDS,Humanized,5.0
Ozanezumab,ELMQGY,Humanized,2.5
PankoMab,TRHYYFDY,Humanized,25.0
Parsatuzumab,AREGVYHDYDDYAMDY,Humanized,4.7
Pateclizumab,SRPTMLPWFAY,Humanized,4.705882352941177
Pinatuzumab,ARDGSSWDWYFDV,Humanized,1.4
Ponezumab,ASLYSLPVY,Humanized,0.0
Prasinezumab,ARGGAGIDY,Humanized,0.0
Prezalumab,AREGILWFGDLPTF,Human,0.0
Refanezumab,ARNPINYYGINYEGYVMDY,Humanized,9.375
Robatumumab,ARLGNFYYGMDV,Human,0.0
Setrusumab,ARDTYLHFDY,Human,0.0
Sifalimumab,ARDPIAAGY,Human,0.0
Suvratoxumab,ARDRYSPTGHYYGMDV,Human,3.0303030303030303
Tarextumab,ARSIFYTT,Human,26.0
Temelimab,TSTVVPFAY,Humanized,0.0
Tigatuzumab,ARRGDSMITTDY,Humanized,0.0
Tomuzotuximab,ARALTYYDYEFAY,Chimeric,12.5
Tovetumab,AREGRIAARGMDV,Human,2.857142857142857
Utomilumab,ARGYGIFDY,Human,40.735
Varlilumab,ARGSGNWGFFDY,Human,0.0
Veltuzumab,ARSTYYGGDWYFDV,Humanized,19.5
Xentuzumab,ARNMYTHFDS,Humanized,2.3
Zalutumumab,ARDGITMVRGVMKDYFDY,Human,0.0
